{"P0": 997.0305784355214, "altitude_over_sea_level_lib_bmp280": 139.9956169244598, "altitude_over_sea_level_lib_adafruit": 135.92144124439704, "time": "06/09/2023, 08:14:08"}