presion,alture,altitud_sobre_nivel_mar,hora,visible_image,thermal_image
990.7727840089858,-2.6866442591221436,-2.6866442591221436,2023-05-26 17:03:19.701272,,
