presion,alture,altitud_sobre_nivel_mar,hora,visible_image,thermal_image
702.8374096900037,2899.962135277178,2899.962135277178,2023-05-26 14:52:46.745283,,
