presion,alture,alture_over_sea_level,time,visible_image,thermal_image
990.7507820245439,-2.498912458187793,-2.498912458187793,2023-05-26 17:06:30.441143,,
